{
  "type": "minecraft:random_patch",
  "config": {
    "feature": {
      "feature": {
        "type": "minecraft:simple_block",
        "config": {
          "to_place": {
            "type": "minecraft:weighted_state_provider",
            "entries": [
              {
                "data": {
                  "Name": "minecraft:grass"
                },
                "weight": 100
              },
              {
                "data": {
                  "Name": "minecraft:fern"
                },
                "weight": 1
              }
            ]
          }
        }
      },
      "placement": [
        {
          "type": "minecraft:block_predicate_filter",
          "predicate": {
            "type": "minecraft:all_of",
            "predicates": [
              {
                "type": "minecraft:matching_blocks",
                "blocks": "minecraft:air"
              },
              {
                "type": "minecraft:not",
                "predicate": {
                  "type": "minecraft:matching_blocks",
                  "blocks": "minecraft:podzol",
                  "offset": [
                    0,
                    -1,
                    0
                  ]
                }
              }
            ]
          }
        }
      ]
    },
    "tries": 1000,
    "xz_spread": 16,
    "y_spread": 16
  }
}