{
	"criteria": {
		"use_banner": {
			"trigger": "minecraft:item_used_on_block",
			"conditions": {
				"location": {
					"block": {
						"tag": "minecraft:beds",
						"state": {
							"occupied": "true"
						}
					}
				},
				"player": [
					{
						"condition": "minecraft:entity_properties",
						"predicate": {
							"flags": {
								"is_sneaking": false
							}
						},
						"entity": "this"
					}
				],
				"item": {
					"tag": "minecraft:banners"
				}
			}
		}
	},
	"rewards": {
		"function": "bob:use_banner_on_bed"
	}
}