{
    "condition": "minecraft:entity_properties",
    "entity": "this",
    "predicate": {
      "type_specific": {
        "type": "player"
      },
      "equipment": {
        "mainhand": {
          "items": [
            "minecraft:netherite_shovel",
            "minecraft:diamond_shovel",
            "minecraft:golden_shovel",
            "minecraft:iron_shovel",
            "minecraft:stone_shovel",
            "minecraft:wooden_shovel"
          ]
        }
      }
    }
  }